Invoice,StockCode
1,X1088,m109
2,X1133,m115
3,X1170,m106
4,X1053,m101
5,X1181,m112
6,X1020,m107
7,X1109,m102
8,X1104,m114
9,X1107,m103
10,X1101,m110
11,X1135,m104
12,X1027,m111
13,X1199,m117
14,X1129,m113
15,X1018,m108
16,X1144,m113
17,X1002,m115
18,X1181,m119
19,X1072,m114
20,X1199,m120
21,X1085,m110
22,X1170,m117
23,X1029,m115
24,X1166,m115
25,X1141,m118
26,X1196,m105
27,X1143,m116
28,X1052,m107
29,X1124,m110
30,X1188,m106
31,X1119,m117
32,X1140,m111
33,X1197,m120
34,X1043,m105
35,X1129,m116
36,X1064,m119
37,X1088,m120
38,X1021,m114
39,X1010,m116
40,X1057,m107
41,X1146,m118
42,X1031,m105
43,X1107,m105
44,X1122,m102
45,X1180,m116
46,X1113,m118
47,X1104,m108
48,X1092,m105
49,X1127,m105
50,X1085,m120
51,X1015,m102
52,X1078,m102
53,X1008,m107
54,X1137,m109
55,X1167,m120
56,X1193,m115
57,X1152,m114
58,X1143,m106
59,X1057,m120
60,X1022,m105
61,X1067,m105
62,X1192,m119
63,X1053,m119
64,X1196,m107
65,X1054,m109
66,X1053,m118
67,X1191,m117
68,X1043,m109
69,X1043,m118
70,X1020,m118
71,X1158,m110
72,X1200,m108
73,X1097,m106
74,X1028,m109
75,X1019,m118
76,X1024,m108
77,X1058,m118
78,X1010,m117
79,X1101,m120
80,X1027,m112
81,X1100,m101
82,X1134,m117
83,X1177,m117
84,X1050,m101
85,X1062,m113
86,X1163,m115
87,X1126,m117
88,X1039,m109
89,X1034,m111
90,X1051,m106
91,X1127,m114
92,X1141,m118
93,X1121,m110
94,X1194,m119
95,X1120,m116
96,X1020,m103
97,X1027,m114
98,X1007,m104
99,X1009,m116
100,X1118,m116
101,X1181,m117
102,X1053,m112
103,X1176,m111
104,X1050,m108
105,X1109,m115
106,X1154,m119
107,X1086,m103
108,X1119,m105
109,X1195,m105
110,X1004,m104
111,X1163,m120
112,X1108,m109
113,X1111,m117
114,X1010,m101
115,X1085,m109
116,X1193,m118
117,X1044,m107
118,X1032,m102
119,X1023,m109
120,X1196,m104
121,X1041,m104
122,X1018,m107
123,X1051,m107
124,X1101,m107
125,X1015,m112
126,X1046,m115
127,X1136,m120
128,X1049,m116
129,X1165,m114
130,X1174,m111
131,X1039,m118
132,X1179,m119
133,X1028,m116
134,X1116,m101
135,X1014,m102
136,X1186,m119
137,X1032,m117
138,X1142,m112
139,X1026,m115
140,X1024,m111
141,X1129,m110
142,X1147,m118
143,X1016,m108
144,X1133,m119
145,X1123,m107
146,X1026,m106
147,X1103,m111
148,X1074,m108
149,X1121,m112
150,X1135,m104
151,X1193,m115
152,X1100,m114
153,X1113,m118
154,X1156,m115
155,X1030,m119
156,X1013,m115
157,X1099,m109
158,X1135,m111
159,X1071,m103
160,X1186,m103
161,X1075,m103
162,X1117,m115
163,X1104,m119
164,X1109,m120
165,X1096,m107
166,X1140,m118
167,X1082,m106
168,X1150,m110
169,X1043,m117
170,X1184,m114
171,X1039,m119
172,X1192,m115
173,X1050,m105
174,X1068,m111
175,X1052,m103
176,X1095,m103
177,X1074,m105
178,X1129,m101
179,X1041,m101
180,X1075,m107
181,X1025,m106
182,X1099,m104
183,X1087,m101
184,X1072,m118
185,X1158,m120
186,X1108,m114
187,X1163,m104
188,X1018,m108
189,X1119,m112
190,X1100,m115
191,X1125,m109
192,X1182,m113
193,X1099,m108
194,X1141,m116
195,X1035,m103
196,X1055,m103
197,X1104,m101
198,X1176,m106
199,X1067,m108
200,X1048,m117
201,X1090,m117
202,X1104,m113
203,X1035,m108
204,X1114,m115
205,X1187,m120
206,X1141,m118
207,X1192,m117
208,X1083,m113
209,X1133,m119
210,X1085,m114
211,X1034,m111
212,X1169,m107
213,X1032,m112
214,X1119,m118
215,X1188,m115
216,X1002,m103
217,X1143,m109
218,X1187,m117
219,X1142,m103
220,X1195,m110
221,X1029,m102
222,X1189,m102
223,X1183,m105
224,X1033,m113
225,X1162,m104
226,X1157,m114
227,X1042,m113
228,X1101,m106
229,X1016,m113
230,X1069,m103
231,X1140,m117
232,X1193,m109
233,X1076,m107
234,X1044,m117
235,X1127,m115
236,X1023,m120
237,X1152,m112
238,X1019,m104
239,X1016,m105
240,X1125,m114
241,X1178,m112
242,X1163,m118
243,X1036,m107
244,X1164,m106
245,X1186,m106
246,X1007,m115
247,X1141,m108
248,X1125,m110
249,X1020,m109
250,X1178,m113
251,X1117,m101
252,X1058,m116
253,X1140,m101
254,X1190,m116
255,X1050,m110
256,X1053,m102
257,X1163,m120
258,X1091,m119
259,X1033,m114
260,X1020,m111
261,X1077,m108
262,X1138,m109
263,X1103,m101
264,X1059,m120
265,X1012,m115
266,X1124,m102
267,X1030,m102
268,X1028,m117
269,X1055,m120
270,X1162,m115
271,X1076,m116
272,X1061,m107
273,X1147,m106
274,X1150,m108
275,X1065,m108
276,X1042,m103
277,X1175,m103
278,X1023,m101
279,X1037,m109
280,X1034,m105
281,X1064,m115
282,X1157,m107
283,X1073,m119
284,X1032,m103
285,X1130,m112
286,X1022,m110
287,X1054,m113
288,X1015,m105
289,X1148,m112
290,X1037,m118
291,X1197,m113
292,X1021,m105
293,X1105,m105
294,X1030,m116
295,X1007,m115
296,X1091,m101
297,X1200,m106
298,X1101,m108
299,X1149,m102
300,X1090,m120
301,X1159,m109
302,X1155,m118
303,X1010,m118
304,X1160,m105
305,X1083,m114
306,X1161,m116
307,X1187,m119
308,X1061,m120
309,X1106,m115
310,X1127,m106
311,X1069,m110
312,X1191,m120
313,X1147,m119
314,X1030,m106
315,X1014,m114
316,X1119,m101
317,X1069,m102
318,X1072,m110
319,X1181,m106
320,X1085,m114
321,X1164,m118
322,X1041,m109
323,X1096,m107
324,X1141,m111
325,X1019,m110
326,X1147,m102
327,X1142,m110
328,X1108,m110
329,X1174,m120
330,X1041,m115
331,X1111,m107
332,X1194,m113
333,X1137,m101
334,X1176,m118
335,X1061,m115
336,X1194,m106
337,X1021,m110
338,X1066,m120
339,X1147,m116
340,X1179,m111
341,X1050,m107
342,X1038,m108
343,X1067,m115
344,X1156,m105
345,X1138,m117
346,X1185,m119
347,X1114,m109
348,X1111,m115
349,X1001,m109
350,X1171,m110
351,X1078,m108
352,X1161,m109
353,X1119,m104
354,X1199,m115
355,X1117,m114
356,X1198,m117
357,X1078,m118
358,X1101,m120
359,X1069,m108
360,X1059,m105
361,X1074,m107
362,X1025,m108
363,X1027,m109
364,X1062,m113
365,X1109,m120
366,X1133,m109
367,X1123,m110
368,X1126,m102
369,X1054,m107
370,X1025,m104
371,X1031,m104
372,X1160,m112
373,X1122,m117
374,X1145,m119
375,X1155,m117
376,X1128,m119
377,X1198,m109
378,X1131,m118
379,X1001,m117
380,X1117,m104
381,X1072,m113
382,X1135,m105
383,X1023,m119
384,X1057,m111
385,X1147,m118
386,X1170,m116
387,X1185,m110
388,X1058,m111
389,X1022,m110
390,X1024,m106
391,X1194,m116
392,X1138,m107
393,X1177,m111
394,X1091,m118
395,X1159,m116
396,X1143,m117
397,X1056,m111
398,X1096,m116
399,X1171,m103
400,X1187,m103
401,X1146,m109
402,X1174,m118
403,X1096,m115
404,X1025,m107
405,X1021,m101
406,X1088,m103
407,X1027,m101
408,X1168,m116
409,X1122,m118
410,X1147,m105
411,X1060,m112
412,X1193,m120
413,X1081,m108
414,X1164,m102
415,X1088,m107
416,X1103,m120
417,X1194,m101
418,X1087,m102
419,X1038,m116
420,X1044,m107
421,X1127,m120
422,X1116,m108
423,X1083,m119
424,X1094,m116
425,X1055,m113
426,X1110,m104
427,X1047,m113
428,X1179,m101
429,X1127,m109
430,X1176,m101
431,X1038,m105
432,X1096,m110
433,X1042,m106
434,X1050,m118
435,X1152,m112
436,X1029,m111
437,X1174,m104
438,X1173,m106
439,X1078,m109
440,X1159,m120
441,X1143,m106
442,X1097,m107
443,X1160,m117
444,X1120,m119
445,X1051,m101
446,X1032,m119
447,X1051,m115
448,X1172,m120
449,X1137,m106
450,X1182,m111
451,X1059,m114
452,X1094,m120
453,X1148,m105
454,X1160,m102
455,X1025,m105
456,X1137,m115
457,X1103,m116
458,X1173,m116
459,X1120,m105
460,X1157,m105
461,X1058,m115
462,X1054,m108
463,X1161,m108
464,X1200,m114
465,X1016,m114
466,X1184,m106
467,X1135,m117
468,X1061,m119
469,X1038,m104
470,X1065,m102
471,X1015,m120
472,X1182,m103
473,X1189,m114
474,X1148,m115
475,X1014,m107
476,X1117,m117
477,X1019,m105
478,X1056,m110
479,X1071,m111
480,X1045,m106
481,X1123,m114
482,X1099,m115
483,X1027,m115
484,X1095,m114
485,X1090,m105
486,X1136,m117
487,X1064,m103
488,X1142,m108
489,X1174,m102
490,X1123,m104
491,X1173,m112
492,X1022,m112
493,X1164,m108
494,X1100,m105
495,X1163,m118
496,X1116,m120
497,X1165,m118
498,X1125,m120
499,X1112,m111
500,X1125,m118
501,X1168,m110
502,X1130,m115
503,X1129,m118
504,X1034,m115
505,X1030,m105
506,X1080,m109
507,X1185,m117
508,X1047,m113
509,X1171,m116
510,X1199,m117
511,X1012,m103
512,X1158,m102
513,X1086,m109
514,X1128,m119
515,X1089,m107
516,X1064,m120
517,X1017,m103
518,X1163,m118
519,X1071,m105
520,X1071,m116
521,X1082,m109
522,X1012,m112
523,X1074,m111
524,X1160,m110
525,X1085,m107
526,X1018,m116
527,X1160,m119
528,X1008,m115
529,X1048,m105
530,X1157,m109
531,X1056,m103
532,X1011,m114
533,X1197,m112
534,X1127,m119
535,X1104,m107
536,X1140,m120
537,X1091,m108
538,X1162,m112
539,X1007,m104
540,X1190,m114
541,X1172,m104
542,X1070,m107
543,X1074,m111
544,X1088,m105
545,X1072,m105
546,X1109,m107
547,X1116,m103
548,X1161,m106
549,X1006,m110
550,X1034,m101
551,X1105,m101
552,X1166,m118
553,X1037,m116
554,X1112,m116
555,X1007,m116
556,X1113,m113
557,X1169,m112
558,X1079,m107
559,X1047,m118
560,X1196,m113
561,X1146,m110
562,X1161,m106
563,X1134,m118
564,X1031,m112
565,X1061,m110
566,X1165,m108
567,X1196,m119
568,X1070,m119
569,X1104,m119
570,X1125,m107
571,X1134,m103
572,X1014,m101
573,X1083,m116
574,X1092,m115
575,X1053,m111
576,X1122,m115
577,X1058,m103
578,X1194,m116
579,X1082,m114
580,X1137,m112
581,X1065,m103
582,X1108,m104
583,X1091,m112
584,X1199,m104
585,X1098,m108
586,X1011,m113
587,X1175,m119
588,X1169,m119
589,X1178,m115
590,X1021,m110
591,X1126,m117
592,X1140,m119
593,X1109,m117
594,X1041,m116
595,X1063,m117
596,X1121,m113
597,X1155,m110
598,X1002,m101
599,X1010,m116
600,X1150,m113
601,X1014,m120
602,X1158,m101
603,X1101,m104
604,X1066,m115
605,X1074,m118
606,X1108,m106
607,X1064,m118
608,X1148,m120
609,X1076,m114
610,X1080,m102
611,X1085,m105
612,X1066,m102
613,X1029,m107
614,X1155,m108
615,X1080,m114
616,X1172,m112
617,X1071,m105
618,X1192,m116
619,X1125,m113
620,X1163,m102
621,X1090,m104
622,X1012,m111
623,X1116,m115
624,X1115,m112
625,X1022,m115
626,X1054,m116
627,X1041,m109
628,X1033,m113
629,X1139,m114
630,X1116,m109
631,X1077,m120
632,X1169,m109
633,X1105,m103
634,X1181,m103
635,X1083,m103
636,X1160,m103
637,X1189,m109
638,X1076,m105
639,X1081,m104
640,X1128,m115
641,X1033,m113
642,X1179,m118
643,X1166,m105
644,X1005,m103
645,X1164,m101
646,X1186,m112
647,X1065,m101
648,X1152,m113
649,X1102,m114
650,X1125,m118
651,X1026,m111
652,X1142,m104
653,X1172,m104
654,X1066,m108
655,X1177,m117
656,X1104,m117
657,X1074,m118
658,X1107,m114
659,X1156,m107
660,X1196,m112
661,X1036,m117
662,X1110,m102
663,X1162,m110
664,X1200,m104
665,X1107,m118
666,X1094,m106
667,X1005,m113
668,X1181,m119
669,X1078,m113
670,X1125,m118
671,X1163,m111
672,X1034,m104
673,X1083,m114
674,X1193,m105
675,X1047,m111
676,X1190,m110
677,X1173,m120
678,X1198,m105
679,X1022,m101
680,X1168,m105
681,X1062,m114
682,X1134,m116
683,X1164,m116
684,X1054,m108
685,X1015,m118
686,X1154,m105
687,X1125,m117
688,X1055,m119
689,X1055,m114
690,X1112,m115
691,X1058,m110
692,X1116,m112
693,X1094,m116
694,X1023,m101
695,X1165,m105
696,X1114,m120
697,X1130,m116
698,X1165,m112
699,X1174,m110
700,X1146,m109
701,X1091,m114
702,X1018,m110
703,X1139,m101
704,X1158,m113
705,X1087,m107
706,X1034,m112
707,X1009,m120
708,X1129,m111
709,X1180,m117
710,X1008,m117
711,X1193,m115
712,X1118,m105
713,X1057,m117
714,X1087,m106
715,X1191,m113
716,X1167,m116
717,X1044,m106
718,X1031,m105
719,X1129,m116
720,X1053,m115
721,X1147,m111
722,X1046,m102
723,X1049,m105
724,X1112,m114
725,X1153,m103
726,X1179,m118
727,X1175,m113
728,X1029,m102
729,X1113,m108
730,X1102,m107
731,X1039,m111
732,X1035,m106
733,X1162,m112
734,X1157,m115
735,X1091,m105
736,X1133,m107
737,X1188,m104
738,X1061,m115
739,X1078,m116
740,X1080,m115
741,X1087,m105
742,X1164,m114
743,X1185,m109
744,X1084,m113
745,X1128,m114
746,X1019,m101
747,X1114,m107
748,X1183,m101
749,X1014,m117
750,X1192,m105
751,X1007,m101
752,X1124,m116
753,X1111,m116
754,X1057,m104
755,X1061,m117
756,X1199,m116
757,X1198,m110
758,X1098,m119
759,X1033,m114
760,X1012,m118
761,X1070,m112
762,X1167,m115
763,X1059,m118
764,X1028,m110
765,X1097,m114
766,X1044,m113
767,X1130,m113
768,X1101,m105
769,X1183,m117
770,X1109,m115
771,X1115,m103
772,X1028,m107
773,X1101,m113
774,X1142,m102
775,X1024,m107
776,X1199,m108
777,X1033,m104
778,X1063,m109
779,X1179,m104
780,X1024,m106
781,X1188,m107
782,X1017,m118
783,X1158,m109
784,X1114,m106
785,X1006,m117
786,X1100,m113
787,X1068,m118
788,X1066,m113
789,X1067,m112
790,X1158,m118
791,X1137,m104
792,X1011,m102
793,X1105,m120
794,X1007,m114
795,X1188,m116
796,X1108,m114
797,X1143,m112
798,X1023,m103
799,X1073,m103
800,X1135,m101
801,X1143,m115
802,X1145,m119
803,X1101,m120
804,X1154,m111
805,X1033,m109
806,X1081,m104
807,X1116,m106
808,X1118,m108
809,X1119,m102
810,X1031,m103
811,X1167,m102
812,X1079,m118
813,X1003,m101
814,X1165,m106
815,X1095,m117
816,X1185,m116
817,X1085,m117
818,X1109,m102
819,X1092,m118
820,X1150,m112
821,X1019,m102
822,X1193,m111
823,X1048,m107
824,X1148,m105
825,X1194,m106
826,X1020,m117
827,X1001,m115
828,X1068,m101
829,X1113,m109
830,X1189,m107
831,X1122,m106
832,X1124,m110
833,X1041,m107
834,X1037,m114
835,X1135,m119
836,X1133,m120
837,X1031,m105
838,X1178,m109
839,X1189,m117
840,X1090,m114
841,X1119,m109
842,X1061,m108
843,X1098,m113
844,X1098,m119
845,X1112,m119
846,X1107,m107
847,X1140,m103
848,X1098,m112
849,X1114,m113
850,X1053,m120
851,X1031,m109
852,X1182,m105
853,X1143,m102
854,X1158,m104
855,X1147,m102
856,X1192,m118
857,X1186,m103
858,X1160,m111
859,X1123,m115
860,X1137,m103
861,X1030,m113
862,X1159,m111
863,X1122,m109
864,X1031,m111
865,X1045,m113
866,X1188,m112
867,X1131,m102
868,X1189,m108
869,X1061,m104
870,X1074,m115
871,X1140,m103
872,X1050,m107
873,X1190,m115
874,X1123,m110
875,X1170,m102
876,X1059,m104
877,X1033,m120
878,X1138,m108
879,X1168,m116
880,X1091,m106
881,X1032,m110
882,X1068,m115
883,X1075,m112
884,X1138,m105
885,X1101,m110
886,X1004,m113
887,X1050,m104
888,X1103,m111
889,X1109,m103
890,X1194,m106
891,X1027,m117
892,X1151,m120
893,X1114,m115
894,X1007,m104
895,X1168,m118
896,X1036,m111
897,X1134,m120
898,X1014,m110
899,X1157,m106
900,X1096,m113
901,X1161,m106
902,X1033,m107
903,X1106,m119
904,X1159,m118
905,X1199,m111
906,X1106,m107
907,X1129,m103
908,X1144,m103
909,X1078,m106
910,X1199,m117
911,X1019,m103
912,X1126,m102
913,X1139,m116
914,X1084,m102
915,X1050,m117
916,X1028,m112
917,X1083,m118
918,X1085,m109
919,X1156,m101
920,X1129,m102
921,X1062,m118
922,X1069,m115
923,X1024,m101
924,X1001,m118
925,X1131,m115
926,X1046,m119
927,X1110,m115
928,X1196,m108
929,X1118,m107
930,X1009,m106
931,X1137,m101
932,X1114,m116
933,X1055,m120
934,X1137,m101
935,X1034,m112
936,X1011,m113
937,X1139,m101
938,X1001,m104
939,X1135,m118
940,X1199,m107
941,X1190,m117
942,X1138,m120
943,X1141,m106
944,X1116,m117
945,X1076,m104
946,X1197,m117
947,X1086,m116
948,X1141,m107
949,X1185,m113
950,X1145,m117
951,X1160,m105
952,X1140,m106
953,X1018,m102
954,X1010,m101
955,X1036,m106
956,X1192,m105
957,X1144,m101
958,X1017,m105
959,X1010,m106
960,X1023,m102
961,X1148,m112
962,X1044,m101
963,X1005,m115
964,X1175,m113
965,X1189,m115
966,X1057,m112
967,X1014,m109
968,X1056,m102
969,X1003,m116
970,X1195,m103
971,X1021,m113
972,X1199,m108
973,X1073,m106
974,X1164,m108
975,X1074,m111
976,X1038,m120
977,X1182,m111
978,X1007,m103
979,X1157,m105
980,X1031,m119
981,X1129,m106
982,X1075,m105
983,X1197,m118
984,X1060,m110
985,X1130,m107
986,X1140,m114
987,X1051,m115
988,X1091,m112
989,X1119,m117
990,X1127,m102
991,X1039,m103
992,X1138,m107
993,X1185,m116
994,X1070,m108
995,X1135,m119
996,X1042,m113
997,X1085,m116
998,X1106,m104
999,X1044,m101
1000,X1126,m109
1001,X1032,m105
1002,X1047,m107
1003,X1059,m106
1004,X1112,m101
1005,X1113,m108
1006,X1153,m116
1007,X1171,m103
1008,X1053,m108
1009,X1122,m111
1010,X1131,m113
1011,X1048,m101
1012,X1119,m111
1013,X1145,m116
1014,X1080,m108
1015,X1036,m113
1016,X1081,m115
1017,X1171,m115
1018,X1031,m113
1019,X1096,m114
1020,X1048,m103
1021,X1183,m101
1022,X1176,m107
1023,X1112,m119
1024,X1044,m116
1025,X1014,m114
1026,X1115,m105
1027,X1055,m113
1028,X1025,m103
1029,X1088,m103
1030,X1032,m106
1031,X1170,m103
1032,X1096,m109
1033,X1059,m118
1034,X1149,m108
1035,X1034,m103
1036,X1108,m116
1037,X1134,m116
1038,X1193,m112
1039,X1108,m115
1040,X1112,m112
1041,X1173,m104
1042,X1075,m113
1043,X1134,m120
1044,X1074,m110
1045,X1123,m106
1046,X1035,m109
1047,X1155,m111
1048,X1019,m111
1049,X1182,m119
1050,X1113,m101
1051,X1082,m119
1052,X1084,m110
1053,X1044,m107
1054,X1197,m116
1055,X1176,m116
1056,X1196,m111
1057,X1113,m110
1058,X1090,m101
1059,X1137,m113
1060,X1029,m113
1061,X1188,m111
1062,X1173,m113
1063,X1002,m109
1064,X1187,m101
1065,X1124,m113
1066,X1074,m115
1067,X1180,m106
1068,X1181,m106
1069,X1124,m113
1070,X1146,m117
1071,X1120,m110
1072,X1082,m113
1073,X1045,m118
1074,X1138,m106
1075,X1194,m105
1076,X1060,m117
1077,X1081,m109
1078,X1024,m118
1079,X1011,m119
1080,X1155,m104
1081,X1120,m103
1082,X1178,m106
1083,X1007,m119
1084,X1082,m116
1085,X1032,m101
1086,X1166,m108
1087,X1020,m116
1088,X1161,m107
1089,X1022,m119
1090,X1074,m107
1091,X1002,m108
1092,X1043,m111
1093,X1039,m101
1094,X1152,m118
1095,X1161,m114
1096,X1076,m112
1097,X1108,m105
1098,X1071,m111
1099,X1017,m101
1100,X1121,m113
1101,X1039,m113
1102,X1126,m120
1103,X1193,m114
1104,X1027,m104
1105,X1163,m116
1106,X1151,m114
1107,X1088,m112
1108,X1043,m118
1109,X1027,m114
1110,X1011,m107
1111,X1080,m106
1112,X1102,m116
1113,X1191,m109
1114,X1142,m101
1115,X1079,m102
1116,X1115,m115
1117,X1164,m109
1118,X1160,m103
1119,X1062,m109
1120,X1032,m119
1121,X1155,m106
1122,X1173,m105
1123,X1197,m109
1124,X1197,m104
1125,X1163,m110
1126,X1117,m117
1127,X1137,m119
1128,X1016,m111
1129,X1033,m114
1130,X1157,m114
1131,X1006,m117
1132,X1023,m120
1133,X1048,m102
1134,X1107,m107
1135,X1159,m116
1136,X1141,m108
1137,X1186,m106
1138,X1133,m113
1139,X1113,m106
1140,X1157,m114
1141,X1109,m119
1142,X1190,m106
1143,X1142,m104
1144,X1075,m105
1145,X1136,m106
1146,X1106,m105
1147,X1178,m116
1148,X1075,m117
1149,X1029,m109
1150,X1104,m117
1151,X1003,m103
1152,X1145,m119
1153,X1077,m108
1154,X1181,m114
1155,X1142,m108
1156,X1114,m118
1157,X1073,m114
1158,X1095,m102
1159,X1069,m109
1160,X1163,m120
1161,X1178,m119
1162,X1143,m107
1163,X1063,m120
1164,X1034,m111
1165,X1139,m117
1166,X1193,m118
1167,X1106,m117
1168,X1023,m110
1169,X1023,m114
1170,X1187,m110
1171,X1082,m110
1172,X1101,m117
1173,X1191,m103
1174,X1160,m117
1175,X1072,m105
1176,X1040,m107
1177,X1143,m101
1178,X1007,m111
1179,X1141,m104
1180,X1086,m119
1181,X1019,m102
1182,X1190,m117
1183,X1197,m118
1184,X1050,m120
1185,X1029,m103
1186,X1130,m102
1187,X1096,m105
1188,X1101,m109
1189,X1084,m104
1190,X1146,m118
1191,X1100,m118
1192,X1125,m103
1193,X1116,m113
1194,X1127,m108
1195,X1145,m101
1196,X1086,m110
1197,X1131,m120
1198,X1037,m105
1199,X1024,m113
1200,X1096,m115
1201,X1037,m114
1202,X1135,m113
1203,X1049,m111
1204,X1023,m118
1205,X1041,m112
1206,X1134,m109
1207,X1140,m101
1208,X1070,m112
1209,X1125,m104
1210,X1175,m101
1211,X1089,m106
1212,X1031,m106
1213,X1122,m103
1214,X1021,m120
1215,X1055,m102
1216,X1042,m109
1217,X1147,m109
1218,X1162,m103
1219,X1039,m119
1220,X1084,m104
1221,X1006,m106
1222,X1077,m106
1223,X1041,m114
1224,X1156,m112
1225,X1199,m117
1226,X1113,m119
1227,X1002,m110
1228,X1068,m114
1229,X1109,m110
1230,X1123,m106
1231,X1096,m101
1232,X1171,m117
1233,X1190,m104
1234,X1113,m109
1235,X1101,m116
1236,X1158,m105
1237,X1055,m116
1238,X1052,m111
1239,X1151,m107
1240,X1028,m115
1241,X1106,m112
1242,X1132,m101
1243,X1069,m103
1244,X1141,m104
1245,X1125,m118
1246,X1184,m108
1247,X1151,m108
1248,X1173,m104
1249,X1192,m116
1250,X1194,m107
1251,X1114,m113
1252,X1005,m116
1253,X1173,m115
1254,X1188,m106
1255,X1161,m108
1256,X1122,m114
1257,X1029,m108
1258,X1058,m119
1259,X1152,m106
1260,X1010,m101
1261,X1025,m112
1262,X1065,m115
1263,X1010,m115
1264,X1155,m107
1265,X1104,m119
1266,X1092,m113
1267,X1025,m107
1268,X1117,m106
1269,X1150,m112
1270,X1003,m109
1271,X1026,m111
1272,X1023,m103
1273,X1126,m113
1274,X1198,m113
1275,X1172,m109
1276,X1009,m111
1277,X1031,m116
1278,X1157,m103
1279,X1171,m114
1280,X1040,m119
1281,X1102,m120
1282,X1181,m103
1283,X1039,m108
1284,X1080,m114
1285,X1175,m110
1286,X1021,m110
1287,X1018,m118
1288,X1106,m115
1289,X1051,m118
1290,X1027,m116
1291,X1150,m112
1292,X1108,m102
1293,X1036,m107
1294,X1139,m103
1295,X1118,m107
1296,X1055,m110
1297,X1049,m111
1298,X1045,m101
1299,X1013,m111
1300,X1143,m109
1301,X1177,m113
1302,X1188,m115
1303,X1121,m109
1304,X1017,m109
1305,X1020,m109
1306,X1013,m103
1307,X1120,m104
1308,X1149,m103
1309,X1141,m120
1310,X1016,m111
1311,X1120,m104
1312,X1171,m115
1313,X1161,m120
1314,X1099,m104
1315,X1020,m108
1316,X1153,m110
1317,X1152,m116
1318,X1192,m103
1319,X1098,m120
1320,X1093,m118
1321,X1061,m120
1322,X1013,m103
1323,X1116,m112
1324,X1114,m120
1325,X1128,m117
1326,X1017,m120
1327,X1023,m111
1328,X1053,m107
1329,X1178,m120
1330,X1110,m109
1331,X1092,m110
1332,X1170,m102
1333,X1006,m116
1334,X1112,m116
1335,X1075,m110
1336,X1183,m102
1337,X1181,m113
1338,X1158,m112
1339,X1036,m120
1340,X1049,m105
1341,X1119,m109
1342,X1160,m102
1343,X1086,m119
1344,X1123,m116
1345,X1020,m111
1346,X1046,m108
1347,X1154,m118
1348,X1127,m103
1349,X1134,m105
1350,X1107,m105
1351,X1114,m101
1352,X1097,m115
1353,X1030,m108
1354,X1123,m109
1355,X1117,m110
1356,X1058,m110
1357,X1191,m112
1358,X1185,m110
1359,X1132,m111
1360,X1189,m105
1361,X1064,m120
1362,X1110,m101
1363,X1040,m110
1364,X1109,m116
1365,X1152,m117
1366,X1136,m118
1367,X1034,m116
1368,X1020,m114
1369,X1042,m102
1370,X1116,m115
1371,X1082,m119
1372,X1109,m105
1373,X1116,m105
1374,X1163,m106
1375,X1082,m120
1376,X1181,m117
1377,X1070,m115
1378,X1158,m113
1379,X1115,m106
1380,X1164,m104
1381,X1148,m101
1382,X1125,m120
1383,X1075,m104
1384,X1078,m113
1385,X1058,m106
1386,X1134,m105
1387,X1156,m117
1388,X1152,m110
1389,X1158,m114
1390,X1067,m116
1391,X1094,m102
1392,X1141,m113
1393,X1189,m103
1394,X1119,m104
1395,X1119,m114
1396,X1157,m120
1397,X1177,m116
1398,X1073,m118
1399,X1196,m116
1400,X1195,m108
1401,X1026,m102
1402,X1137,m115
1403,X1059,m119
1404,X1024,m105
1405,X1050,m105
1406,X1019,m103
1407,X1187,m103
1408,X1127,m116
1409,X1131,m119
1410,X1090,m102
1411,X1051,m104
1412,X1137,m116
1413,X1006,m120
1414,X1178,m115
1415,X1052,m111
1416,X1169,m118
1417,X1080,m118
1418,X1162,m117
1419,X1125,m109
1420,X1092,m115
1421,X1014,m111
1422,X1179,m104
1423,X1150,m118
1424,X1178,m117
1425,X1016,m105
1426,X1095,m101
1427,X1057,m112
1428,X1106,m109
1429,X1088,m112
1430,X1005,m120
1431,X1017,m120
1432,X1166,m107
1433,X1133,m118
1434,X1020,m117
1435,X1056,m106
1436,X1080,m107
1437,X1142,m119
1438,X1135,m111
1439,X1045,m113
1440,X1063,m120
1441,X1180,m108
1442,X1146,m106
1443,X1093,m116
1444,X1152,m105
1445,X1105,m105
1446,X1017,m104
1447,X1084,m113
1448,X1161,m115
1449,X1074,m101
1450,X1119,m102
1451,X1108,m116
1452,X1036,m117
1453,X1198,m112
1454,X1079,m120
1455,X1189,m110
1456,X1064,m107
1457,X1141,m119
1458,X1172,m102
1459,X1186,m103
1460,X1197,m118
1461,X1194,m119
1462,X1134,m112
1463,X1018,m104
1464,X1070,m115
1465,X1102,m113
1466,X1055,m120
1467,X1086,m107
1468,X1119,m118
1469,X1101,m119
1470,X1012,m111
1471,X1171,m115
1472,X1042,m112
1473,X1070,m102
1474,X1034,m116
1475,X1083,m116
1476,X1026,m110
1477,X1170,m115
1478,X1076,m119
1479,X1016,m103
1480,X1133,m113
1481,X1002,m106
1482,X1044,m118
1483,X1101,m109
1484,X1121,m120
1485,X1162,m106
1486,X1078,m114
1487,X1178,m106
1488,X1178,m119
1489,X1088,m102
1490,X1175,m111
1491,X1015,m107
1492,X1101,m110
1493,X1047,m115
1494,X1036,m103
1495,X1032,m109
1496,X1102,m119
1497,X1199,m111
1498,X1158,m109
1499,X1172,m113
1500,X1162,m102
1501,X1076,m113
1502,X1193,m116
1503,X1062,m114
1504,X1079,m102
1505,X1047,m114
1506,X1148,m115
1507,X1192,m108
1508,X1189,m103
1509,X1124,m101
1510,X1126,m112
1511,X1086,m110
1512,X1066,m103
1513,X1159,m116
1514,X1026,m111
1515,X1187,m118
1516,X1144,m101
1517,X1112,m103
1518,X1093,m120
1519,X1065,m101
1520,X1192,m111
1521,X1129,m101
1522,X1018,m118
1523,X1029,m111
1524,X1007,m107
1525,X1004,m111
1526,X1158,m103
1527,X1158,m109
1528,X1153,m104
1529,X1070,m118
1530,X1064,m107
1531,X1154,m118
1532,X1123,m104
1533,X1016,m116
1534,X1006,m108
1535,X1012,m102
1536,X1085,m117
1537,X1169,m108
1538,X1039,m115
1539,X1171,m109
1540,X1190,m120
1541,X1190,m109
1542,X1162,m119
1543,X1122,m115
1544,X1177,m120
1545,X1078,m105
1546,X1187,m101
1547,X1148,m110
1548,X1040,m111
1549,X1096,m102
1550,X1167,m110
1551,X1073,m116
1552,X1180,m102
1553,X1137,m119
1554,X1057,m115
1555,X1096,m101
1556,X1136,m108
1557,X1157,m105
1558,X1110,m102
1559,X1138,m104
1560,X1045,m115
1561,X1150,m102
1562,X1193,m102
1563,X1136,m111
1564,X1174,m113
1565,X1075,m108
1566,X1107,m112
1567,X1032,m106
1568,X1107,m102
1569,X1178,m104
1570,X1121,m119
1571,X1047,m120
1572,X1110,m104
1573,X1058,m116
1574,X1035,m110
1575,X1122,m113
1576,X1105,m117
1577,X1169,m101
1578,X1025,m120
1579,X1028,m117
1580,X1146,m120
1581,X1022,m109
1582,X1171,m115
1583,X1166,m115
1584,X1039,m113
1585,X1075,m105
1586,X1034,m101
1587,X1037,m120
1588,X1006,m112
1589,X1095,m115
1590,X1057,m106
1591,X1169,m106
1592,X1016,m113
1593,X1199,m106
1594,X1055,m107
1595,X1164,m112
1596,X1085,m119
1597,X1146,m113
1598,X1142,m105
1599,X1127,m104
1600,X1052,m119
1601,X1187,m105
1602,X1172,m109
1603,X1185,m113
1604,X1184,m105
1605,X1001,m114
1606,X1027,m102
1607,X1187,m117
1608,X1110,m105
1609,X1063,m113
1610,X1189,m117
1611,X1010,m117
1612,X1049,m110
1613,X1082,m117
1614,X1166,m110
1615,X1055,m118
1616,X1110,m118
1617,X1148,m110
1618,X1058,m104
1619,X1193,m102
1620,X1033,m102
1621,X1173,m111
1622,X1017,m110
1623,X1150,m105
1624,X1170,m109
1625,X1077,m114
1626,X1198,m110
1627,X1023,m106
1628,X1181,m108
1629,X1030,m102
1630,X1113,m103
1631,X1078,m105
1632,X1107,m104
1633,X1198,m115
1634,X1119,m106
1635,X1070,m103
1636,X1105,m101
1637,X1039,m109
1638,X1161,m103
1639,X1135,m118
1640,X1061,m118
1641,X1093,m117
1642,X1115,m103
1643,X1174,m112
1644,X1053,m111
1645,X1063,m108
1646,X1144,m109
1647,X1134,m104
1648,X1124,m114
1649,X1158,m111
1650,X1071,m106
1651,X1019,m111
1652,X1081,m114
1653,X1078,m111
1654,X1041,m112
1655,X1097,m107
1656,X1052,m102
1657,X1004,m103
1658,X1104,m117
1659,X1067,m106
1660,X1114,m114
1661,X1047,m110
1662,X1118,m101
1663,X1038,m108
1664,X1065,m107
1665,X1096,m105
1666,X1111,m119
1667,X1181,m110
1668,X1013,m119
1669,X1002,m119
1670,X1037,m120
1671,X1170,m113
1672,X1184,m111
1673,X1198,m106
1674,X1123,m120
1675,X1071,m109
1676,X1062,m111
1677,X1130,m101
1678,X1075,m118
1679,X1127,m106
1680,X1010,m111
1681,X1002,m102
1682,X1195,m109
1683,X1027,m111
1684,X1086,m114
1685,X1152,m103
1686,X1016,m110
1687,X1171,m119
1688,X1093,m119
1689,X1092,m119
1690,X1018,m112
1691,X1172,m120
1692,X1135,m117
1693,X1197,m111
1694,X1067,m104
1695,X1079,m116
1696,X1083,m118
1697,X1003,m119
1698,X1153,m118
1699,X1160,m107
1700,X1078,m113
1701,X1169,m102
1702,X1112,m101
1703,X1131,m106
1704,X1021,m112
1705,X1037,m106
1706,X1122,m120
1707,X1155,m103
1708,X1015,m117
1709,X1136,m115
1710,X1155,m120
1711,X1101,m111
1712,X1032,m101
1713,X1065,m109
1714,X1194,m112
1715,X1098,m119
1716,X1098,m102
1717,X1198,m111
1718,X1190,m113
1719,X1127,m101
1720,X1141,m117
1721,X1060,m108
1722,X1081,m109
1723,X1058,m109
1724,X1139,m111
1725,X1013,m102
1726,X1149,m111
1727,X1034,m105
1728,X1086,m107
1729,X1112,m113
1730,X1109,m113
1731,X1010,m119
1732,X1180,m118
1733,X1122,m120
1734,X1196,m105
1735,X1075,m120
1736,X1020,m103
1737,X1071,m105
1738,X1036,m106
1739,X1181,m108
1740,X1123,m104
1741,X1140,m120
1742,X1153,m111
1743,X1056,m115
1744,X1096,m107
1745,X1045,m112
1746,X1003,m109
1747,X1115,m111
1748,X1143,m102
1749,X1133,m116
1750,X1062,m120
1751,X1140,m115
1752,X1104,m118
1753,X1095,m118
1754,X1018,m105
1755,X1123,m102
1756,X1061,m107
1757,X1059,m101
1758,X1020,m118
1759,X1159,m112
1760,X1108,m120
1761,X1171,m103
1762,X1138,m106
1763,X1141,m114
1764,X1028,m109
1765,X1065,m114
1766,X1200,m118
1767,X1010,m106
1768,X1059,m101
1769,X1065,m116
1770,X1031,m112
1771,X1054,m105
1772,X1073,m120
1773,X1034,m118
1774,X1136,m117
1775,X1033,m115
1776,X1166,m110
1777,X1127,m116
1778,X1009,m120
1779,X1092,m120
1780,X1165,m104
1781,X1127,m109
1782,X1056,m110
1783,X1103,m112
1784,X1182,m113
1785,X1150,m104
1786,X1133,m120
1787,X1152,m101
1788,X1088,m116
1789,X1151,m110
1790,X1079,m105
1791,X1069,m106
1792,X1194,m102
1793,X1016,m108
1794,X1083,m117
1795,X1120,m113
1796,X1138,m102
1797,X1186,m109
1798,X1142,m112
1799,X1111,m118
1800,X1029,m117
1801,X1006,m108
1802,X1042,m109
1803,X1095,m109
1804,X1043,m115
1805,X1135,m114
1806,X1078,m118
1807,X1122,m109
1808,X1187,m117
1809,X1183,m109
1810,X1196,m103
1811,X1162,m119
1812,X1192,m105
1813,X1029,m116
1814,X1186,m118
1815,X1055,m112
1816,X1018,m109
1817,X1035,m102
1818,X1196,m119
1819,X1162,m117
1820,X1122,m113
1821,X1063,m103
1822,X1190,m117
1823,X1125,m116
1824,X1117,m115
1825,X1153,m110
1826,X1038,m114
1827,X1199,m103
1828,X1047,m105
1829,X1027,m102
1830,X1111,m106
1831,X1091,m111
1832,X1007,m111
1833,X1023,m105
1834,X1087,m117
1835,X1116,m116
1836,X1127,m108
1837,X1097,m107
1838,X1052,m116
1839,X1003,m107
1840,X1050,m104
1841,X1128,m107
1842,X1197,m109
1843,X1032,m113
1844,X1105,m103
1845,X1146,m118
1846,X1172,m101
1847,X1131,m103
1848,X1098,m113
1849,X1104,m120
1850,X1166,m104
1851,X1122,m112
1852,X1040,m113
1853,X1054,m119
1854,X1156,m119
1855,X1066,m101
1856,X1019,m116
1857,X1178,m105
1858,X1178,m106
1859,X1062,m117
1860,X1190,m111
1861,X1186,m117
1862,X1073,m109
1863,X1011,m105
1864,X1053,m117
1865,X1056,m110
1866,X1063,m118
1867,X1026,m118
1868,X1084,m118
1869,X1041,m110
1870,X1072,m104
1871,X1017,m119
1872,X1038,m114
1873,X1081,m118
1874,X1186,m111
1875,X1087,m115
1876,X1180,m108
1877,X1193,m111
1878,X1074,m105
1879,X1004,m111
1880,X1030,m119
1881,X1180,m109
1882,X1187,m119
1883,X1088,m110
1884,X1055,m105
1885,X1174,m119
1886,X1183,m113
1887,X1130,m114
1888,X1105,m101
1889,X1048,m119
1890,X1089,m109
1891,X1107,m106
1892,X1065,m109
1893,X1105,m119
1894,X1059,m117
1895,X1050,m118
1896,X1032,m118
1897,X1142,m101
1898,X1020,m109
1899,X1163,m110
1900,X1042,m110
1901,X1130,m101
1902,X1164,m104
1903,X1132,m119
1904,X1075,m109
1905,X1037,m115
1906,X1040,m111
1907,X1083,m107
1908,X1063,m101
1909,X1140,m111
1910,X1173,m114
1911,X1059,m101
1912,X1047,m109
1913,X1128,m104
1914,X1147,m117
1915,X1065,m112
1916,X1133,m106
1917,X1193,m118
1918,X1069,m120
1919,X1051,m102
1920,X1164,m112
1921,X1026,m112
1922,X1028,m101
1923,X1190,m111
1924,X1003,m108
1925,X1199,m105
1926,X1060,m119
1927,X1193,m109
1928,X1104,m105
1929,X1049,m108
1930,X1047,m105
1931,X1199,m115
1932,X1175,m117
1933,X1156,m107
1934,X1095,m119
1935,X1024,m104
1936,X1125,m120
1937,X1183,m113
1938,X1169,m113
1939,X1051,m106
1940,X1152,m119
1941,X1113,m111
1942,X1196,m112
1943,X1152,m102
1944,X1071,m110
1945,X1012,m119
1946,X1076,m113
1947,X1161,m115
1948,X1136,m120
1949,X1113,m116
1950,X1047,m112
1951,X1089,m110
1952,X1194,m105
1953,X1064,m115
1954,X1128,m114
1955,X1119,m103
1956,X1193,m110
1957,X1144,m120
1958,X1169,m114
1959,X1144,m117
1960,X1196,m118
1961,X1108,m106
1962,X1089,m120
1963,X1143,m116
1964,X1126,m102
1965,X1195,m109
1966,X1001,m117
1967,X1037,m109
1968,X1121,m101
1969,X1053,m104
1970,X1150,m117
1971,X1070,m112
1972,X1085,m108
1973,X1127,m112
1974,X1192,m104
1975,X1149,m117
1976,X1073,m115
1977,X1052,m116
1978,X1050,m109
1979,X1153,m114
1980,X1147,m113
1981,X1052,m108
1982,X1049,m104
1983,X1134,m120
1984,X1176,m109
1985,X1002,m120
1986,X1182,m104
1987,X1061,m108
1988,X1147,m108
1989,X1034,m112
1990,X1017,m108
1991,X1170,m118
1992,X1034,m111
1993,X1135,m110
1994,X1133,m116
1995,X1141,m111
1996,X1172,m120
1997,X1157,m113
1998,X1018,m103
1999,X1160,m117
2000,X1023,m107
2001,X1162,m108
2002,X1090,m118
2003,X1054,m118
2004,X1149,m118
2005,X1155,m101
2006,X1119,m103
2007,X1020,m106
2008,X1179,m112
2009,X1015,m114
2010,X1091,m114
2011,X1032,m120
2012,X1081,m112
2013,X1170,m119
2014,X1134,m101
2015,X1078,m103
2016,X1185,m114
2017,X1062,m113
2018,X1139,m115
2019,X1025,m111
2020,X1011,m105
2021,X1113,m114
2022,X1192,m107
2023,X1111,m103
2024,X1185,m103
2025,X1135,m119
2026,X1196,m110
2027,X1041,m114
2028,X1136,m114
2029,X1071,m114
2030,X1194,m109
2031,X1025,m115
2032,X1101,m112
2033,X1069,m117
2034,X1180,m116
2035,X1024,m107
2036,X1162,m104
2037,X1131,m111
2038,X1126,m103
2039,X1199,m102
2040,X1137,m117
2041,X1102,m113
2042,X1079,m113
2043,X1111,m116
2044,X1139,m112
2045,X1061,m103
2046,X1071,m104
2047,X1027,m102
2048,X1184,m102
2049,X1151,m112
2050,X1190,m106
2051,X1026,m115
2052,X1150,m105
2053,X1075,m104
2054,X1080,m114
2055,X1197,m119
2056,X1054,m101
2057,X1031,m114
2058,X1014,m118
2059,X1086,m108
2060,X1038,m106
2061,X1169,m119
2062,X1069,m115
2063,X1148,m106
2064,X1127,m106
2065,X1185,m115
2066,X1004,m105
2067,X1088,m110
2068,X1172,m116
2069,X1087,m104
2070,X1043,m115
2071,X1109,m102
2072,X1056,m113
2073,X1004,m114
2074,X1134,m104
2075,X1131,m107
2076,X1042,m115
2077,X1082,m112
2078,X1075,m104
2079,X1125,m115
2080,X1122,m117
2081,X1128,m103
2082,X1076,m117
2083,X1200,m115
2084,X1187,m106
2085,X1014,m112
2086,X1006,m105
2087,X1034,m118
2088,X1126,m102
2089,X1167,m104
2090,X1088,m115
2091,X1125,m114
2092,X1070,m114
2093,X1028,m103
2094,X1089,m106
2095,X1190,m106
2096,X1057,m118
2097,X1176,m110
2098,X1123,m119
2099,X1144,m116
2100,X1194,m114
2101,X1153,m105
2102,X1003,m106
2103,X1054,m103
2104,X1029,m103
2105,X1183,m104
2106,X1119,m107
2107,X1088,m118
2108,X1113,m115
2109,X1087,m106
2110,X1122,m107
2111,X1040,m105
2112,X1152,m116
2113,X1020,m104
2114,X1103,m112
2115,X1050,m101
2116,X1181,m117
2117,X1037,m117
2118,X1191,m118
2119,X1065,m114
2120,X1121,m107
2121,X1148,m117
2122,X1122,m116
2123,X1034,m117
2124,X1113,m116
2125,X1094,m101
2126,X1192,m120
2127,X1046,m104
2128,X1159,m119
2129,X1131,m111
2130,X1067,m113
2131,X1131,m105
2132,X1078,m120
2133,X1005,m114
2134,X1113,m104
2135,X1068,m116
2136,X1001,m112
2137,X1102,m116
2138,X1157,m108
2139,X1071,m102
2140,X1122,m117
2141,X1090,m112
2142,X1062,m102
2143,X1155,m117
2144,X1168,m113
2145,X1090,m107
2146,X1167,m105
2147,X1111,m102
2148,X1128,m109
2149,X1060,m109
2150,X1018,m106
2151,X1006,m109
2152,X1036,m103
2153,X1079,m112
2154,X1140,m114
2155,X1190,m113
2156,X1020,m101
2157,X1196,m103
2158,X1198,m109
2159,X1113,m105
2160,X1080,m108
2161,X1037,m111
2162,X1189,m120
2163,X1083,m102
2164,X1164,m118
2165,X1104,m109
2166,X1051,m119
2167,X1163,m103
2168,X1161,m110
2169,X1184,m101
2170,X1040,m114
2171,X1005,m114
2172,X1174,m107
2173,X1009,m105
2174,X1027,m101
2175,X1179,m114
2176,X1138,m103
2177,X1056,m101
2178,X1086,m105
2179,X1097,m102
2180,X1193,m113
2181,X1001,m116
2182,X1019,m103
2183,X1196,m112
2184,X1037,m105
2185,X1112,m113
2186,X1151,m101
2187,X1092,m114
2188,X1034,m108
2189,X1132,m101
2190,X1105,m114
2191,X1177,m110
2192,X1041,m120
2193,X1023,m108
2194,X1119,m103
2195,X1160,m116
2196,X1069,m119
2197,X1188,m108
2198,X1010,m119
2199,X1067,m111
2200,X1171,m113
2201,X1142,m106
2202,X1112,m112
2203,X1009,m108
2204,X1067,m113
2205,X1007,m104
2206,X1171,m102
2207,X1186,m106
2208,X1172,m110
2209,X1102,m112
2210,X1085,m105
2211,X1143,m116
2212,X1106,m117
2213,X1012,m103
2214,X1169,m113
2215,X1181,m117
2216,X1034,m101
2217,X1031,m101
2218,X1040,m108
2219,X1012,m118
2220,X1046,m119
2221,X1150,m102
2222,X1101,m119
2223,X1118,m106
2224,X1052,m115
2225,X1066,m118
2226,X1185,m109
2227,X1078,m103
2228,X1096,m103
2229,X1072,m115
2230,X1079,m109
2231,X1200,m113
2232,X1175,m118
2233,X1167,m113
2234,X1151,m115
2235,X1094,m113
2236,X1109,m119
2237,X1105,m120
2238,X1007,m115
2239,X1180,m111
2240,X1124,m101
2241,X1027,m114
2242,X1115,m116
2243,X1082,m109
2244,X1186,m109
2245,X1124,m106
2246,X1164,m112
2247,X1093,m107
2248,X1028,m117
2249,X1107,m105
2250,X1118,m105
2251,X1059,m104
2252,X1192,m103
2253,X1073,m102
2254,X1089,m110
2255,X1031,m105
2256,X1154,m114
2257,X1105,m105
2258,X1149,m116
2259,X1188,m103
2260,X1062,m112
2261,X1067,m105
2262,X1169,m116
2263,X1025,m105
2264,X1139,m113
2265,X1033,m102
2266,X1133,m106
2267,X1172,m110
2268,X1138,m115
2269,X1155,m107
2270,X1143,m107
2271,X1030,m120
2272,X1120,m110
2273,X1014,m109
2274,X1063,m112
2275,X1126,m109
2276,X1082,m111
2277,X1152,m106
2278,X1031,m118
2279,X1169,m116
2280,X1088,m102
2281,X1056,m102
2282,X1009,m112
2283,X1186,m101
2284,X1188,m108
2285,X1148,m117
2286,X1013,m119
2287,X1052,m111
2288,X1032,m104
2289,X1017,m104
2290,X1006,m118
2291,X1151,m117
2292,X1065,m105
2293,X1170,m120
2294,X1014,m101
2295,X1026,m103
2296,X1004,m114
2297,X1186,m116
2298,X1146,m114
2299,X1103,m108
2300,X1193,m105
2301,X1021,m115
2302,X1148,m111
2303,X1032,m113
2304,X1049,m114
2305,X1025,m116
2306,X1084,m113
2307,X1068,m110
2308,X1173,m120
2309,X1035,m108
2310,X1092,m103
2311,X1135,m105
2312,X1157,m117
2313,X1073,m105
2314,X1008,m105
2315,X1079,m112
2316,X1006,m118
2317,X1182,m112
2318,X1042,m111
2319,X1044,m104
2320,X1123,m119
2321,X1031,m105
2322,X1026,m104
2323,X1196,m110
2324,X1182,m112
2325,X1001,m109
2326,X1026,m105
2327,X1063,m104
2328,X1183,m108
2329,X1193,m104
2330,X1099,m116
2331,X1005,m108
2332,X1021,m113
2333,X1103,m119
2334,X1104,m116
2335,X1137,m115
2336,X1029,m111
2337,X1145,m105
2338,X1184,m119
2339,X1139,m118
2340,X1103,m106
2341,X1004,m107
2342,X1079,m110
2343,X1011,m114
2344,X1098,m108
2345,X1159,m115
2346,X1150,m102
2347,X1122,m119
2348,X1197,m108
2349,X1072,m113
2350,X1064,m105
2351,X1011,m101
2352,X1136,m113
2353,X1155,m111
2354,X1094,m111
2355,X1194,m110
2356,X1198,m118
2357,X1081,m108
2358,X1074,m113
2359,X1071,m120
2360,X1013,m101
2361,X1018,m104
2362,X1022,m114
2363,X1137,m101
2364,X1076,m106
2365,X1032,m112
2366,X1161,m106
2367,X1156,m112
2368,X1114,m115
2369,X1110,m115
2370,X1042,m118
2371,X1146,m120
2372,X1119,m111
2373,X1047,m120
2374,X1137,m104
2375,X1099,m109
2376,X1104,m102
2377,X1137,m105
2378,X1067,m110
2379,X1116,m117
2380,X1059,m102
2381,X1128,m117
2382,X1068,m114
2383,X1150,m112
2384,X1038,m109
2385,X1075,m109
2386,X1200,m115
2387,X1086,m106
2388,X1162,m116
2389,X1199,m102
2390,X1067,m106
2391,X1138,m118
2392,X1154,m115
2393,X1128,m101
2394,X1133,m110
2395,X1008,m104
2396,X1004,m103
2397,X1059,m116
2398,X1121,m107
2399,X1035,m118
2400,X1129,m105
2401,X1003,m115
2402,X1162,m118
2403,X1177,m101
2404,X1022,m101
2405,X1126,m111
2406,X1110,m103
2407,X1126,m113
2408,X1151,m113
2409,X1097,m106
2410,X1061,m115
2411,X1174,m120
2412,X1178,m119
2413,X1135,m117
2414,X1124,m116
2415,X1107,m119
2416,X1044,m116
2417,X1163,m116
2418,X1137,m108
2419,X1121,m104
2420,X1109,m118
2421,X1084,m110
2422,X1103,m111
2423,X1048,m101
2424,X1157,m115
2425,X1173,m109
2426,X1144,m116
2427,X1173,m105
2428,X1001,m108
2429,X1018,m101
2430,X1195,m112
2431,X1059,m120
2432,X1131,m109
2433,X1072,m119
2434,X1077,m103
2435,X1080,m105
2436,X1183,m107
2437,X1084,m103
2438,X1053,m116
2439,X1102,m109
2440,X1150,m107
2441,X1186,m112
2442,X1152,m118
2443,X1174,m105
2444,X1011,m118
2445,X1187,m107
2446,X1177,m115
2447,X1192,m116
2448,X1165,m111
2449,X1003,m115
2450,X1024,m110
2451,X1083,m118
2452,X1046,m114
2453,X1009,m118
2454,X1145,m111
2455,X1101,m106
2456,X1197,m117
2457,X1160,m112
2458,X1036,m107
2459,X1091,m111
2460,X1168,m109
2461,X1200,m118
2462,X1062,m113
2463,X1177,m107
2464,X1100,m110
2465,X1122,m106
2466,X1153,m118
2467,X1116,m105
2468,X1091,m113
2469,X1179,m115
2470,X1089,m104
2471,X1014,m115
2472,X1027,m113
2473,X1143,m108
2474,X1136,m105
2475,X1080,m101
2476,X1022,m111
2477,X1130,m101
2478,X1178,m110
2479,X1019,m119
2480,X1008,m104
2481,X1185,m103
2482,X1053,m117
2483,X1007,m115
2484,X1073,m120
2485,X1185,m113
2486,X1027,m105
2487,X1149,m104
2488,X1175,m103
2489,X1150,m113
2490,X1030,m113
2491,X1165,m116
2492,X1177,m112
2493,X1071,m104
2494,X1117,m107
2495,X1085,m105
2496,X1084,m105
2497,X1159,m108
2498,X1021,m108
2499,X1183,m117
2500,X1088,m114
2501,X1056,m106
2502,X1187,m115
2503,X1153,m106
2504,X1176,m116
2505,X1164,m116
2506,X1191,m117
2507,X1040,m117
2508,X1085,m108
2509,X1083,m114
2510,X1024,m110
2511,X1192,m106
2512,X1154,m112
2513,X1175,m114
2514,X1085,m104
2515,X1047,m120
2516,X1123,m103
2517,X1113,m107
2518,X1181,m118
2519,X1158,m112
2520,X1057,m120
2521,X1186,m116
2522,X1195,m108
2523,X1064,m104
2524,X1004,m113
2525,X1074,m107
2526,X1096,m109
2527,X1062,m107
2528,X1174,m103
2529,X1038,m104
2530,X1097,m108
2531,X1031,m118
2532,X1077,m104
2533,X1167,m120
2534,X1046,m112
2535,X1006,m116
2536,X1134,m109
2537,X1116,m106
2538,X1173,m120
2539,X1096,m120
2540,X1058,m115
2541,X1129,m109
2542,X1110,m105
2543,X1146,m118
2544,X1102,m101
2545,X1077,m105
2546,X1065,m108
2547,X1042,m119
2548,X1133,m105
2549,X1096,m106
2550,X1029,m101
2551,X1057,m102
2552,X1077,m105
2553,X1009,m120
2554,X1031,m108
2555,X1032,m119
2556,X1044,m116
2557,X1079,m116
2558,X1003,m115
2559,X1107,m116
2560,X1113,m104
2561,X1133,m114
2562,X1034,m118
2563,X1032,m105
2564,X1120,m111
2565,X1131,m112
2566,X1066,m119
2567,X1030,m119
2568,X1197,m113
2569,X1137,m116
2570,X1078,m116
2571,X1151,m102
2572,X1132,m114
2573,X1076,m108
2574,X1087,m118
2575,X1098,m106
2576,X1029,m102
2577,X1195,m104
2578,X1001,m102
2579,X1095,m103
2580,X1075,m113
2581,X1162,m113
2582,X1135,m118
2583,X1030,m118
2584,X1066,m109
2585,X1005,m120
2586,X1186,m116
2587,X1144,m104
2588,X1106,m117
2589,X1167,m107
2590,X1160,m114
2591,X1122,m103
2592,X1193,m115
2593,X1104,m102
2594,X1036,m103
2595,X1096,m107
2596,X1129,m105
2597,X1113,m107
2598,X1192,m120
2599,X1048,m113
2600,X1049,m109
2601,X1016,m120
2602,X1027,m112
2603,X1047,m111
2604,X1095,m113
2605,X1159,m107
2606,X1044,m101
2607,X1039,m107
2608,X1017,m120
2609,X1080,m116
2610,X1126,m118
2611,X1158,m103
2612,X1034,m116
2613,X1133,m111
2614,X1023,m106
2615,X1123,m118
2616,X1066,m113
2617,X1180,m104
2618,X1058,m116
2619,X1130,m120
2620,X1150,m114
2621,X1086,m114
2622,X1121,m118
2623,X1017,m102
2624,X1069,m108
2625,X1019,m115
2626,X1080,m111
2627,X1003,m107
2628,X1051,m118
2629,X1040,m102
2630,X1071,m108
2631,X1128,m107
2632,X1002,m118
2633,X1062,m110
2634,X1024,m112
2635,X1189,m108
2636,X1011,m104
2637,X1114,m114
2638,X1037,m116
2639,X1105,m101
2640,X1200,m111
2641,X1051,m105
2642,X1197,m104
2643,X1125,m102
2644,X1153,m117
2645,X1139,m118
2646,X1139,m116
2647,X1145,m113
2648,X1087,m110
2649,X1010,m109
2650,X1108,m103
2651,X1100,m105
2652,X1102,m105
2653,X1153,m118
2654,X1102,m102
2655,X1010,m103
2656,X1095,m115
2657,X1092,m117
2658,X1055,m117
2659,X1099,m105
2660,X1094,m119
2661,X1092,m115
2662,X1119,m111
2663,X1013,m101
2664,X1167,m114
2665,X1166,m116
2666,X1113,m101
2667,X1146,m114
2668,X1086,m116
2669,X1020,m117
2670,X1166,m112
2671,X1010,m102
2672,X1036,m103
2673,X1168,m104
2674,X1175,m114
2675,X1194,m111
2676,X1171,m106
2677,X1185,m115
2678,X1052,m117
2679,X1062,m117
2680,X1130,m106
2681,X1151,m104
2682,X1138,m115
2683,X1182,m107
2684,X1028,m109
2685,X1191,m108
2686,X1076,m120
2687,X1035,m115
2688,X1015,m105
2689,X1195,m114
2690,X1069,m117
2691,X1085,m101
2692,X1041,m117
2693,X1141,m118
2694,X1017,m113
2695,X1147,m111
2696,X1110,m117
2697,X1018,m119
2698,X1028,m110
2699,X1198,m120
2700,X1136,m119
2701,X1092,m115
2702,X1194,m110
2703,X1044,m116
2704,X1195,m106
2705,X1116,m112
2706,X1059,m119
2707,X1102,m120
2708,X1134,m115
2709,X1070,m109
2710,X1169,m119
2711,X1158,m114
2712,X1057,m114
2713,X1052,m119
2714,X1041,m108
2715,X1092,m112
2716,X1175,m111
2717,X1055,m104
2718,X1087,m101
2719,X1009,m108
2720,X1183,m112
2721,X1106,m107
2722,X1032,m110
2723,X1177,m110
2724,X1042,m117
2725,X1143,m108
2726,X1198,m111
2727,X1191,m114
2728,X1062,m102
2729,X1098,m115
2730,X1139,m109
2731,X1155,m111
2732,X1193,m119
2733,X1089,m120
2734,X1061,m112
2735,X1123,m120
2736,X1076,m115
2737,X1016,m107
2738,X1130,m102
2739,X1066,m103
2740,X1083,m110
2741,X1031,m110
2742,X1124,m118
2743,X1020,m104
2744,X1050,m118
2745,X1083,m102
2746,X1124,m102
2747,X1047,m118
2748,X1093,m113
2749,X1137,m110
2750,X1036,m120
2751,X1112,m107
2752,X1164,m111
2753,X1090,m106
2754,X1046,m103
2755,X1156,m110
2756,X1090,m111
2757,X1132,m105
2758,X1128,m116
2759,X1179,m105
2760,X1169,m109
2761,X1147,m120
2762,X1044,m117
2763,X1034,m113
2764,X1161,m104
2765,X1085,m114
2766,X1058,m104
2767,X1011,m116
2768,X1113,m103
2769,X1112,m102
2770,X1148,m116
2771,X1112,m107
2772,X1190,m106
2773,X1119,m102
2774,X1144,m108
2775,X1121,m103
2776,X1175,m118
2777,X1065,m119
2778,X1042,m116
2779,X1142,m116
2780,X1154,m112
2781,X1106,m114
2782,X1082,m110
2783,X1017,m110
2784,X1128,m110
2785,X1065,m114
2786,X1125,m113
2787,X1098,m114
2788,X1013,m116
2789,X1035,m112
2790,X1176,m108
2791,X1187,m102
2792,X1119,m114
2793,X1169,m113
2794,X1119,m114
2795,X1007,m109
2796,X1181,m105
2797,X1021,m105
2798,X1151,m118
2799,X1138,m120
2800,X1173,m120
2801,X1165,m114
2802,X1168,m118
2803,X1028,m105
2804,X1198,m108
2805,X1081,m118
2806,X1007,m114
2807,X1159,m103
2808,X1144,m101
2809,X1159,m101
2810,X1010,m111
2811,X1054,m103
2812,X1157,m117
2813,X1091,m117
2814,X1194,m105
2815,X1175,m118
2816,X1126,m104
2817,X1047,m113
2818,X1177,m117
2819,X1114,m111
2820,X1110,m115
2821,X1180,m101
2822,X1153,m119
2823,X1129,m108
2824,X1051,m119
2825,X1191,m109
2826,X1033,m102
2827,X1049,m106
2828,X1171,m119
2829,X1107,m109
2830,X1165,m112
2831,X1083,m107
2832,X1088,m101
2833,X1080,m106
2834,X1102,m120
2835,X1195,m106
2836,X1168,m108
2837,X1135,m110
2838,X1098,m106
2839,X1048,m112
2840,X1013,m117
2841,X1008,m104
2842,X1127,m118
2843,X1158,m116
2844,X1085,m106
2845,X1096,m116
2846,X1154,m115
2847,X1149,m106
2848,X1086,m102
2849,X1075,m120
2850,X1105,m110
2851,X1058,m110
2852,X1098,m112
2853,X1141,m105
2854,X1019,m111
2855,X1123,m105
2856,X1067,m120
2857,X1046,m105
2858,X1151,m105
2859,X1198,m115
2860,X1035,m110
2861,X1091,m107
2862,X1071,m109
2863,X1050,m109
2864,X1027,m111
2865,X1069,m103
2866,X1134,m109
2867,X1166,m112
2868,X1066,m119
2869,X1179,m109
2870,X1196,m106
2871,X1154,m105
2872,X1046,m114
2873,X1053,m106
2874,X1022,m114
2875,X1188,m103
2876,X1118,m106
2877,X1122,m104
2878,X1077,m108
2879,X1148,m115
2880,X1153,m116
2881,X1132,m108
2882,X1010,m110
2883,X1122,m106
2884,X1153,m107
2885,X1045,m119
2886,X1080,m115
2887,X1083,m108
2888,X1027,m113
2889,X1182,m111
2890,X1168,m119
2891,X1163,m120
2892,X1169,m120
2893,X1021,m119
2894,X1009,m103
2895,X1190,m111
2896,X1137,m115
2897,X1146,m105
2898,X1040,m113
2899,X1171,m111
2900,X1150,m106
2901,X1159,m116
2902,X1066,m114
2903,X1167,m115
2904,X1092,m107
2905,X1102,m111
2906,X1142,m112
2907,X1182,m103
2908,X1078,m106
2909,X1199,m106
2910,X1167,m110
2911,X1124,m117
2912,X1021,m103
2913,X1193,m114
2914,X1003,m104
2915,X1131,m112
2916,X1010,m105
2917,X1016,m119
2918,X1169,m113
2919,X1148,m120
2920,X1066,m105
2921,X1027,m118
2922,X1046,m118
2923,X1118,m106
2924,X1099,m103
2925,X1166,m105
2926,X1141,m107
2927,X1094,m117
2928,X1077,m101
2929,X1055,m109
2930,X1072,m110
2931,X1148,m118
2932,X1165,m119
2933,X1004,m102
2934,X1109,m113
2935,X1128,m105
2936,X1096,m113
2937,X1045,m105
2938,X1120,m109
2939,X1186,m107
2940,X1140,m110
2941,X1158,m114
2942,X1052,m102
2943,X1147,m113
2944,X1188,m115
2945,X1078,m107
2946,X1069,m103
2947,X1044,m119
2948,X1174,m116
2949,X1118,m111
2950,X1037,m106
2951,X1024,m113
2952,X1153,m120
2953,X1002,m117
2954,X1002,m101
2955,X1116,m114
2956,X1132,m117
2957,X1004,m110
2958,X1027,m116
2959,X1197,m116
2960,X1024,m108
2961,X1186,m107
2962,X1158,m119
2963,X1150,m104
2964,X1089,m102
2965,X1018,m103
2966,X1026,m111
2967,X1130,m105
2968,X1084,m119
2969,X1020,m117
2970,X1128,m113
2971,X1098,m118
2972,X1095,m106
2973,X1187,m111
2974,X1026,m118
2975,X1036,m106
2976,X1168,m120
2977,X1051,m119
2978,X1099,m119
2979,X1012,m102
2980,X1189,m107
2981,X1139,m112
2982,X1128,m112
2983,X1011,m103
2984,X1019,m101
2985,X1162,m102
2986,X1179,m114
2987,X1112,m101
2988,X1143,m109
2989,X1153,m115
2990,X1154,m120
2991,X1073,m112
2992,X1059,m107
2993,X1013,m114
2994,X1152,m104
2995,X1151,m110
2996,X1141,m118
2997,X1151,m103
2998,X1194,m110
2999,X1196,m118
3000,X1117,m108
3001,X1179,m118
3002,X1192,m113
3003,X1175,m119
3004,X1156,m113
3005,X1012,m110
3006,X1178,m113
3007,X1084,m108
3008,X1139,m111
3009,X1144,m106
3010,X1020,m115
3011,X1078,m104
3012,X1074,m102
3013,X1115,m115
3014,X1014,m120
3015,X1134,m116
3016,X1182,m101
3017,X1038,m103
3018,X1130,m112
3019,X1163,m107
3020,X1051,m104
3021,X1130,m101
3022,X1011,m114
3023,X1001,m113
3024,X1023,m114
3025,X1161,m112
3026,X1003,m105
3027,X1136,m116
3028,X1150,m101
3029,X1060,m102
3030,X1110,m107
3031,X1190,m110
3032,X1193,m120
3033,X1010,m101
3034,X1187,m118
3035,X1051,m108
3036,X1194,m102
3037,X1025,m116
3038,X1036,m113
3039,X1114,m117
3040,X1045,m107
3041,X1058,m116
3042,X1158,m101
3043,X1154,m101
3044,X1190,m116
3045,X1057,m109
3046,X1155,m107
3047,X1090,m107
3048,X1171,m116
3049,X1102,m104
3050,X1128,m114
3051,X1138,m115
3052,X1017,m112
3053,X1053,m119
3054,X1148,m119
3055,X1095,m116
3056,X1173,m111
3057,X1179,m118
3058,X1140,m109
3059,X1143,m116
3060,X1159,m114
3061,X1052,m110
3062,X1123,m110
3063,X1141,m103
3064,X1159,m120
3065,X1137,m101
3066,X1014,m114
3067,X1126,m105
3068,X1043,m118
3069,X1178,m104
3070,X1027,m107
3071,X1035,m118
3072,X1138,m101
3073,X1191,m103
3074,X1123,m111
3075,X1059,m114
3076,X1022,m110
3077,X1071,m116
3078,X1101,m116
3079,X1013,m107
3080,X1045,m113
3081,X1029,m120
3082,X1174,m117
3083,X1065,m114
3084,X1147,m113
3085,X1079,m110
3086,X1102,m104
3087,X1032,m119
3088,X1034,m103
3089,X1145,m101
3090,X1175,m114
3091,X1028,m105
3092,X1036,m111
3093,X1007,m108
3094,X1105,m102
3095,X1012,m104
3096,X1044,m102
3097,X1187,m117
3098,X1180,m112
3099,X1042,m119
3100,X1133,m120
3101,X1111,m109
3102,X1079,m102
3103,X1112,m109
3104,X1186,m114
3105,X1074,m108
3106,X1160,m117
3107,X1037,m103
3108,X1059,m119
3109,X1112,m103
3110,X1118,m117
3111,X1141,m106
3112,X1041,m101
3113,X1147,m106
3114,X1181,m104
3115,X1145,m112
3116,X1053,m102
3117,X1075,m111
3118,X1166,m106
3119,X1136,m116
3120,X1050,m109
3121,X1137,m106
3122,X1192,m110
3123,X1110,m120
3124,X1145,m106
3125,X1160,m115
3126,X1136,m115
3127,X1123,m106
3128,X1182,m104
3129,X1122,m113
3130,X1087,m111
3131,X1173,m102
3132,X1016,m102
3133,X1136,m120
3134,X1051,m104
3135,X1020,m107
3136,X1016,m118
3137,X1013,m111
3138,X1008,m108
3139,X1161,m109
3140,X1053,m112
3141,X1015,m117
3142,X1161,m112
3143,X1104,m116
3144,X1177,m119
3145,X1193,m105
3146,X1096,m102
3147,X1183,m120
3148,X1095,m118
3149,X1036,m120
3150,X1069,m104
3151,X1076,m107
3152,X1090,m112
3153,X1047,m109
3154,X1077,m117
3155,X1166,m103
3156,X1120,m116
3157,X1109,m107
3158,X1146,m116
3159,X1034,m112
3160,X1047,m101
3161,X1027,m109
3162,X1015,m103
3163,X1145,m110
3164,X1104,m103
3165,X1183,m104
3166,X1152,m111
3167,X1179,m108
3168,X1153,m116
3169,X1097,m102
3170,X1108,m101
3171,X1179,m101
3172,X1102,m104
3173,X1185,m119
3174,X1139,m118
3175,X1113,m116
3176,X1129,m110
3177,X1067,m114
3178,X1198,m103
3179,X1045,m105
3180,X1135,m103
3181,X1140,m105
3182,X1024,m115
3183,X1167,m111
3184,X1114,m113
3185,X1169,m117
3186,X1167,m116
3187,X1032,m118
3188,X1089,m113
3189,X1127,m101
3190,X1042,m107
3191,X1118,m111
3192,X1190,m109
3193,X1029,m102
3194,X1032,m103
3195,X1199,m103
3196,X1111,m105
3197,X1200,m106
3198,X1048,m115
3199,X1156,m108
3200,X1068,m111
3201,X1102,m104
3202,X1001,m109
3203,X1116,m114
3204,X1037,m113
3205,X1085,m115
3206,X1059,m110
3207,X1169,m119
3208,X1117,m118
3209,X1088,m120
3210,X1156,m120
3211,X1189,m101
3212,X1128,m104
3213,X1124,m107
3214,X1026,m106
3215,X1053,m116
3216,X1082,m101
3217,X1046,m119
3218,X1054,m110
3219,X1102,m107
3220,X1115,m110
3221,X1177,m109
3222,X1153,m102
3223,X1124,m119
3224,X1070,m119
3225,X1058,m116
3226,X1148,m103
3227,X1041,m101
3228,X1139,m104
3229,X1071,m111
3230,X1178,m105
3231,X1084,m109
3232,X1112,m112
3233,X1195,m120
3234,X1076,m108
3235,X1071,m118
3236,X1136,m107
3237,X1015,m107
3238,X1078,m113
3239,X1061,m104
3240,X1008,m116
3241,X1071,m115
3242,X1035,m112
3243,X1123,m111
3244,X1097,m119
3245,X1021,m117
3246,X1123,m110
3247,X1199,m106
3248,X1197,m104
3249,X1135,m106
3250,X1073,m117
3251,X1154,m108
3252,X1185,m101
3253,X1091,m106
3254,X1028,m112
3255,X1135,m109
3256,X1067,m108
3257,X1086,m118
3258,X1135,m110
3259,X1009,m117
3260,X1065,m117
3261,X1028,m102
3262,X1133,m110
3263,X1085,m112
3264,X1120,m107
3265,X1034,m108
3266,X1198,m117
3267,X1192,m108
3268,X1113,m118
3269,X1091,m119
3270,X1095,m107
3271,X1183,m115
3272,X1100,m111
3273,X1153,m109
3274,X1053,m112
3275,X1157,m118
3276,X1076,m120
3277,X1100,m102
3278,X1134,m114
3279,X1131,m119
3280,X1023,m112
3281,X1075,m113
3282,X1002,m102
3283,X1056,m111
3284,X1143,m105
3285,X1057,m106
3286,X1079,m119
3287,X1179,m111
3288,X1082,m107
3289,X1045,m108
3290,X1186,m117
3291,X1165,m105
3292,X1170,m102
3293,X1066,m111
3294,X1109,m119
3295,X1195,m113
3296,X1048,m106
3297,X1094,m119
3298,X1190,m105
3299,X1133,m119
3300,X1179,m111
3301,X1197,m117
3302,X1054,m107
3303,X1151,m104
3304,X1125,m116
3305,X1094,m104
3306,X1089,m111
3307,X1145,m117
3308,X1016,m112
3309,X1060,m114
3310,X1148,m101
3311,X1186,m103
3312,X1113,m108
3313,X1181,m104
3314,X1182,m118
3315,X1038,m102
3316,X1195,m103
3317,X1175,m106
3318,X1037,m103
3319,X1090,m116
3320,X1184,m109
3321,X1128,m108
3322,X1010,m102
3323,X1169,m102
3324,X1008,m109
3325,X1068,m103
3326,X1181,m119
3327,X1056,m103
3328,X1016,m112
3329,X1019,m118
3330,X1121,m113
3331,X1010,m110
3332,X1137,m106
3333,X1199,m112
3334,X1013,m116
3335,X1154,m102
3336,X1110,m105
3337,X1187,m114
3338,X1009,m117
3339,X1028,m114
3340,X1186,m106
3341,X1167,m116
3342,X1145,m111
3343,X1006,m105
3344,X1145,m116
3345,X1134,m109
3346,X1070,m109
3347,X1127,m102
3348,X1155,m101
3349,X1076,m120
3350,X1154,m119
3351,X1132,m104
3352,X1048,m120
3353,X1008,m101
3354,X1019,m113
3355,X1070,m101
3356,X1127,m120
3357,X1143,m111
3358,X1171,m109
3359,X1162,m101
3360,X1122,m111
3361,X1167,m107
3362,X1189,m112
3363,X1163,m110
3364,X1114,m110
3365,X1177,m108
3366,X1170,m112
3367,X1036,m112
3368,X1164,m111
3369,X1119,m113
3370,X1158,m118
3371,X1180,m116
3372,X1177,m112
3373,X1039,m102
3374,X1037,m118
3375,X1132,m112
3376,X1122,m102
3377,X1141,m111
3378,X1199,m118
3379,X1062,m117
3380,X1004,m112
3381,X1168,m108
3382,X1057,m110
3383,X1191,m120
3384,X1001,m105
3385,X1116,m120
3386,X1175,m105
3387,X1072,m106
3388,X1137,m102
3389,X1021,m102
3390,X1121,m114
3391,X1045,m107
3392,X1123,m113
3393,X1181,m108
3394,X1002,m110
3395,X1046,m120
3396,X1075,m102
3397,X1011,m115
3398,X1156,m113
3399,X1112,m103
3400,X1101,m114
3401,X1167,m119
3402,X1042,m112
3403,X1197,m114
3404,X1031,m115
3405,X1195,m111
3406,X1190,m115
3407,X1099,m119
3408,X1188,m104
3409,X1131,m116
3410,X1157,m111
3411,X1035,m108
3412,X1061,m114
3413,X1044,m118
3414,X1189,m102
3415,X1094,m112
3416,X1021,m116
3417,X1056,m111
3418,X1063,m116
3419,X1091,m102
3420,X1077,m106
3421,X1102,m106
3422,X1005,m104
3423,X1185,m103
3424,X1002,m107
3425,X1074,m109
3426,X1094,m114
3427,X1135,m111
3428,X1183,m112
3429,X1138,m113
3430,X1059,m106
3431,X1053,m114
3432,X1054,m109
3433,X1127,m106
3434,X1145,m116
3435,X1162,m115
3436,X1036,m119
3437,X1116,m112
3438,X1081,m117
3439,X1072,m116
3440,X1061,m108
3441,X1105,m120
3442,X1188,m110
3443,X1167,m106
3444,X1039,m112
3445,X1117,m116
3446,X1019,m103
3447,X1006,m105
3448,X1052,m118
3449,X1074,m114
3450,X1087,m110
3451,X1113,m118
3452,X1045,m114
3453,X1180,m110
3454,X1028,m107
3455,X1027,m114
3456,X1012,m107
3457,X1194,m114
3458,X1140,m111
3459,X1039,m114
3460,X1185,m108
3461,X1185,m102
3462,X1027,m106
3463,X1075,m113
3464,X1088,m101
3465,X1102,m102
3466,X1130,m101
3467,X1007,m113
3468,X1053,m103
3469,X1015,m119
3470,X1072,m113
3471,X1046,m102
3472,X1124,m104
3473,X1171,m103
3474,X1197,m120
3475,X1019,m120
3476,X1168,m112
3477,X1149,m115
3478,X1031,m116
3479,X1172,m116
3480,X1135,m111
3481,X1093,m113
3482,X1144,m103
3483,X1042,m112
3484,X1010,m115
3485,X1165,m105
3486,X1193,m116
3487,X1075,m118
3488,X1044,m107
3489,X1192,m116
3490,X1186,m101
3491,X1007,m110
3492,X1058,m113
3493,X1079,m107
3494,X1009,m116
3495,X1157,m116
3496,X1174,m104
3497,X1184,m107
3498,X1021,m104
3499,X1087,m101
3500,X1022,m111
